key,en,ru
gate.verify.title,Complete verification,Пройдите верификацию
gate.verify.cta,Complete verification,Пройти верификацию
gate.verify.cases,Cases open after LawBid confirms your license. It usually takes 1–2 business days.,"Кейсы откроются, когда LawBid подтвердит вашу лицензию. Обычно это 1–2 рабочих дня."
gate.verify.post,"Only verified attorneys can post to the feed, so clients always know who they're reading.","Публиковать в ленте могут только верифицированные адвокаты — так клиенты всегда знают, кого читают."
gate.verify.postTitle,Post to feed,Пост в ленту
practices.title,My practices,Мои практики
practices.intro,Pick the specializations you take cases in. Case matching updates right after you save.,"Выберите специализации, по которым берёте дела. Подбор кейсов обновится сразу после сохранения."
practices.search,Search practice areas,Поиск по практикам
practices.selected,Selected ({count}),Выбрано ({count})
practices.selected.none,Nothing selected yet.,Пока ничего не выбрано.
practices.selectAll,Select all,Выбрать все
practices.clearAll,Clear all,Снять все
practices.pickedCount,{count} selected,Выбрано: {count}
practices.remove,Remove {name},Убрать {name}
practices.save,Save,Сохранить
practices.saved,Practices saved.,Практики сохранены.
practices.noResults,No practice areas match your search.,По запросу ничего не найдено.
practices.emptyTree,The practice directory is empty right now. Please try again later.,Справочник практик сейчас пуст. Попробуйте позже.
practices.error,Couldn't load practice areas.,Не удалось загрузить практики.
practices.locked.title,Available after verification,Доступно после верификации
practices.locked.body,"Practice areas decide which cases you see, so they open once your license is verified.","Практики определяют, какие кейсы вы видите, поэтому они открываются после подтверждения лицензии."
profile.tab.title,Profile,Профиль
profile.attorney.title,Attorney,Адвокат
profile.attorneyChip,Attorney,Attorney
profile.avatar.label,Profile photo,Фото профиля
profile.verified.label,Verified attorney,Верифицированный адвокат
profile.counters.posts,Posts,Посты
profile.counters.followers,Followers,Подписчики
profile.counters.following,Following,Подписки
profile.rating.new,New — no reviews,Новый — без отзывов
profile.rating.none,—,—
profile.rating.outOf,out of 5,из 5
profile.rating.count.one,{count} review,{count} отзыв
profile.rating.count.few,{count} reviews,{count} отзыва
profile.rating.count.many,{count} reviews,{count} отзывов
profile.rating.count.other,{count} reviews,{count} отзыва
profile.section.firm,Firm,Фирма
profile.section.practices,Practice areas,Практики
profile.section.states,Licensed in,Лицензии в штатах
profile.section.languages,Languages,Языки
profile.practices.group,{name} · {count},{name} · {count}
profile.action.edit,Edit,Редактировать
profile.action.share,Share,Поделиться
profile.action.follow,Follow,Подписаться
profile.share.copied,Profile link copied.,Ссылка на профиль скопирована.
profile.tab.posts,Posts,Посты
profile.tab.reviews,Reviews,Отзывы
profile.posts.empty.title,No posts yet,Постов пока нет
profile.posts.empty.self,Your posts will appear here.,Здесь появятся ваши посты.
profile.posts.empty.other,This attorney hasn't posted yet.,Адвокат пока ничего не публиковал.
profile.verifyBanner.body,Get the blue check and access to cases.,Получите синюю галочку и доступ к кейсам.
profile.error,Couldn't load the profile.,Не удалось загрузить профиль.
profile.unavailable.title,Profile unavailable,Профиль недоступен
profile.unavailable.body,This profile doesn't exist or can't be shown.,Такого профиля нет или его нельзя показать.
profile.client.noName,Your name,Ваше имя
profile.client.myCases,My cases,Мои кейсы
profile.client.onlyYou,Visible only to you,Видно только вам
profile.client.noCases,You have no cases yet,У вас пока нет кейсов
profile.client.noCases.body,Your profile is private: attorneys and other clients can't see it.,"Ваш профиль закрыт: его не видят ни адвокаты, ни другие клиенты."
profile.edit.title,Edit profile,Редактирование профиля
profile.edit.save,Save,Сохранить
profile.edit.saved,Profile saved.,Профиль сохранён.
profile.edit.nameRecheck,Changing your name sends your profile for a quick re-check so it matches your documents.,"После смены имени профиль уйдёт на короткую повторную проверку, чтобы имя совпадало с документами."
profile.edit.section.practice,Practice,Практика
profile.edit.section.licenses,Licenses,Лицензии
profile.license.pending,Under review,На проверке
profile.license.verified,Verified,Подтверждена
profile.license.rejected,Rejected,Отклонена
profile.license.expired,Expired,Истекла
profile.license.suspended,Suspended,Приостановлена
profile.license.unknown,Unknown,Неизвестно
profile.username.label,Username,Имя пользователя
profile.username.hint,"3–30 letters, digits, ""_"" or ""."". You can change it once every 30 days.","3–30 символов: латиница, цифры, «_» или «.». Менять можно раз в 30 дней."
profile.username.cooldown,You can change your @username again on {date}.,Сменить @username снова можно {date}.
profile.username.checking,Checking…,Проверяем…
profile.username.available,This @username is available.,Этот @username свободен.
profile.username.invalid,"Use 3–30 latin letters, digits, ""_"" or "".""; not at the start or end, no "".."".","3–30 символов: латиница, цифры, «_» или «.»; не в начале и не в конце, без «..»."
profile.username.checkFailed,Couldn't check availability. We'll check when you save.,Не удалось проверить. Проверим при сохранении.
profile.photo.label,Profile photo,Фото профиля
profile.photo.hint,"A clear business photo. JPEG, PNG or HEIC, up to 5 MB.","Чёткое деловое фото. JPEG, PNG или HEIC, до 5 МБ."
profile.photo.add,Add photo,Добавить фото
profile.photo.change,Change photo,Изменить фото
profile.photo.camera,Take a photo,Сделать фото
profile.photo.gallery,Choose from library,Выбрать из галереи
profile.photo.preparing,Preparing…,Подготовка…
profile.photo.uploading,Uploading… {percent}%,Загрузка… {percent}%
profile.photo.checking,Checking the photo…,Проверяем фото…
profile.photo.done,Photo updated.,Фото обновлено.
profile.photo.pickFailed,Couldn't open the photo. Please try another one.,Не удалось открыть фото. Попробуйте другое.
contacts.title,My contacts,Мои контакты
contacts.section.confirmed,Confirmed contacts,Подтверждённые контакты
contacts.section.preferences,How attorneys can reach you,Как с вами связаться
contacts.prefs.saved,Contact preferences saved.,Предпочтения связи сохранены.
contacts.prefs.error,Couldn't load your contact preferences.,Не удалось загрузить предпочтения связи.
reviews.author.anonymous,LawBid client,Клиент LawBid
reviews.edited,Edited,Изменено
reviews.stars.label,{rating} out of 5 stars,{rating} из 5 звёзд
reviews.average.label,Rating {rating} out of 5,Рейтинг {rating} из 5
reviews.distribution.row,{stars} stars: {count},{stars} звёзд: {count}
reviews.end,That's all the reviews,Это все отзывы
reviews.error,Couldn't load reviews.,Не удалось загрузить отзывы.
reviews.empty.self,"When clients rate your work after a closed case, reviews will appear here.","Когда клиенты оценят вашу работу по закрытому кейсу, отзывы появятся здесь."
reviews.empty.other,This attorney has no reviews yet.,У этого адвоката пока нет отзывов.
reviews.report.action,Report review,Пожаловаться на отзыв
reviews.report.title,Why are you reporting this review?,Почему вы жалуетесь на отзыв?
reviews.report.sent,Thanks. Our moderators will review it.,Спасибо. Модераторы рассмотрят жалобу.
reviews.report.reason.spam,Spam,Спам
reviews.report.reason.abuse,Abuse or harassment,Оскорбления или травля
reviews.report.reason.misinformation,False information,Ложная информация
reviews.report.reason.impersonation,Not a real client,Не настоящий клиент
reviews.report.reason.inappropriate,Inappropriate content,Неуместное содержание
reviews.report.reason.other,Other,Другое
reviews.form.title,Rate your attorney,Оцените адвоката
reviews.form.titleYours,Your review,Ваш отзыв
reviews.form.question,How did your attorney handle the case?,Как адвокат вёл ваше дело?
reviews.form.tapToRate,Tap a star to rate,"Нажмите на звезду, чтобы оценить"
reviews.form.ratingRequired,Please choose a rating,Выберите оценку
reviews.form.rating.1,Poor,Плохо
reviews.form.rating.2,Fair,Так себе
reviews.form.rating.3,Good,Хорошо
reviews.form.rating.4,Very good,Очень хорошо
reviews.form.rating.5,Excellent,Отлично
reviews.form.body,Your review,Ваш отзыв
reviews.form.bodyHint,"What went well, what could be better","Что понравилось, что можно улучшить"
reviews.form.notice,A review can't be deleted. You can edit it within 14 days.,"Отзыв нельзя удалить, его можно изменить в течение 14 дней."
reviews.form.submit,Publish review,Опубликовать отзыв
reviews.form.saveEdit,Save changes,Сохранить изменения
reviews.form.published,Review published.,Отзыв опубликован.
reviews.form.updated,Review updated.,Отзыв изменён.
reviews.form.publishedHeading,Your review is published,Ваш отзыв опубликован
reviews.form.previewHint,This is how others see it — your first name and last initial only.,Так его видят другие — только имя и первая буква фамилии.
reviews.form.edit,Edit review,Изменить отзыв
reviews.form.editableUntil,You can edit it until {date}.,Изменить можно до {date}.
reviews.form.locked,"The 14-day editing window has ended, so this review can no longer be changed.","14 дней на изменение прошли, отзыв больше нельзя изменить."
reviews.placeholder.entry,Leave a review for a closed case,Оставить отзыв по закрытому кейсу
reviews.placeholder.body,Preview build: closed cases arrive with the cases module. Enter the case ID to open the review form.,"Тестовая сборка: закрытые кейсы появятся вместе с модулем кейсов. Введите ID кейса, чтобы открыть форму отзыва."
reviews.placeholder.caseId,Case ID,ID кейса
error.default.title,Something went wrong,Что-то пошло не так
